id,first_name,last_name,email,gender,ip_address
1,Horatio,Casperri,hcasperri0@example.com,Male,140.69.125.45
2,Daniele,Glabach,dglabach1@dot.gov,Female,92.63.245.142
3,Latia,Ponnsett,lponnsett2@ftc.gov,Female,7.5.110.101
4,Chancey,Preist,cpreist3@diigo.com,Male,120.250.254.62
5,Sigismund,O'Glessane,soglessane4@goodreads.com,Male,174.154.128.216
6,Ferguson,Biddlecombe,fbiddlecombe5@bing.com,Male,146.130.156.239
7,Ogden,Cisson,ocisson6@goodreads.com,Male,104.163.87.183
8,Rikki,O'Looney,rolooney7@ask.com,Male,114.70.246.213
9,Julie,Giacobillo,jgiacobillo8@netscape.com,Male,164.196.175.240
10,Rafael,Stannett,rstannett9@fc2.com,Male,174.23.21.38
11,Pernell,McGuire,pmcguirea@naver.com,Male,135.76.74.240
12,Lawry,Jorioz,ljoriozb@mysql.com,Male,138.129.213.55
13,Sarine,Hayer,shayerc@reuters.com,Female,4.92.75.173
14,Niko,House,nhoused@japanpost.jp,Male,158.90.63.58
15,Wakefield,Spencley,wspencleye@storify.com,Male,176.88.145.233
16,Adelheid,Ketcher,aketcherf@weather.com,Female,197.119.38.104
17,Cosme,Falco,cfalcog@stanford.edu,Male,240.14.93.98
18,Bill,De Vuyst,bdevuysth@newyorker.com,Female,115.3.227.125
19,Coral,Driffield,cdriffieldi@parallels.com,Female,221.85.245.76
20,Ches,Kinmond,ckinmondj@engadget.com,Male,103.19.138.143
21,Nelia,Olivazzi,nolivazzik@ebay.co.uk,Female,69.32.108.36
22,Yancy,Osbourn,yosbournl@google.com.hk,Male,162.43.96.201
23,Agace,Acom,aacomm@wordpress.com,Female,173.196.100.127
24,Luciano,Ingliss,linglissn@xinhuanet.com,Male,15.25.86.180
25,Obidiah,Bosomworth,obosomwortho@friendfeed.com,Male,230.52.171.42
26,Marthena,Volant,mvolantp@prlog.org,Female,58.54.39.22
27,Rory,Marchington,rmarchingtonq@xinhuanet.com,Female,160.27.114.168
28,Delmor,Heikkinen,dheikkinenr@photobucket.com,Male,143.0.0.226
29,Fredrick,Gladyer,fgladyers@columbia.edu,Male,75.89.121.18
30,Deny,Tollemache,dtollemachet@acquirethisname.com,Female,111.246.215.202
31,Lainey,Fessier,lfessieru@diigo.com,Female,194.116.146.39
32,Mirabelle,Helder,mhelderv@friendfeed.com,Female,217.201.67.242
33,Bella,Phinnis,bphinnisw@unesco.org,Female,42.114.1.92
34,Richard,Largent,rlargentx@shareasale.com,Male,71.143.67.231
35,Tabbie,Barents,tbarentsy@businesswire.com,Male,228.67.5.125
36,Alta,Mockes,amockesz@pcworld.com,Female,11.52.115.44
37,Winifield,Defau,wdefau10@homestead.com,Male,77.40.209.90
38,Guenevere,Crickmer,gcrickmer11@nhs.uk,Female,137.128.153.238
39,Whit,Wigan,wwigan12@bbc.co.uk,Male,233.115.76.39
40,Babette,Ogdahl,bogdahl13@usgs.gov,Female,79.165.86.92
41,Sasha,Mc Faul,smcfaul14@bravesites.com,Female,86.247.76.201
42,Jilli,Hearon,jhearon15@purevolume.com,Female,50.45.57.84
43,Claudelle,Pleager,cpleager16@forbes.com,Female,226.162.26.105
44,Norrie,Giacomo,ngiacomo17@google.ru,Female,177.206.124.207
45,Lexine,Eisak,leisak18@amazonaws.com,Female,146.92.77.47
46,Anne-marie,Millership,amillership19@google.co.jp,Female,0.184.185.88
47,Phil,Bolstridge,pbolstridge1a@jugem.jp,Female,24.83.56.25
48,Tabbie,Adamovich,tadamovich1b@ucsd.edu,Female,31.71.75.166
49,Pincus,Mettricke,pmettricke1c@nps.gov,Male,224.146.23.205
50,Hildegaard,Drewell,hdrewell1d@zdnet.com,Female,52.228.29.120
51,Johan,Kellough,jkellough1e@hubpages.com,Male,88.42.27.29
52,Emiline,Abson,eabson1f@biblegateway.com,Female,111.95.77.171
53,Ahmad,Pettet,apettet1g@storify.com,Male,249.224.136.71
54,Kin,Al Hirsi,kalhirsi1h@wsj.com,Male,219.75.229.152
55,Rudd,Farmer,rfarmer1i@mashable.com,Male,49.40.50.111
56,Selma,Plomer,splomer1j@nature.com,Female,113.201.241.32
57,Kim,Loughhead,kloughhead1k@hao123.com,Female,28.233.102.137
58,Elston,Honack,ehonack1l@google.ca,Male,7.69.178.194
59,Richie,Legat,rlegat1m@merriam-webster.com,Male,226.14.72.101
60,Meier,Dossettor,mdossettor1n@t-online.de,Male,26.43.154.70
61,Willi,Tustin,wtustin1o@rambler.ru,Female,83.77.78.218
62,Hallsy,Hanrahan,hhanrahan1p@weibo.com,Male,111.238.42.59
63,Eduard,Kmiec,ekmiec1q@admin.ch,Male,211.204.72.21
64,Lurleen,Brunger,lbrunger1r@hp.com,Female,80.183.71.122
65,Rosa,MacCallester,rmaccallester1s@google.co.uk,Female,225.154.57.160
66,Tamma,Hazlewood,thazlewood1t@bing.com,Female,15.135.134.187
67,Linell,Tremoulet,ltremoulet1u@nbcnews.com,Female,71.210.6.212
68,Lazarus,O' Quirk,loquirk1v@dyndns.org,Male,45.113.239.247
69,Abrahan,Vawton,avawton1w@google.de,Male,79.69.223.87
70,Ximenes,Iwanowski,xiwanowski1x@feedburner.com,Male,139.14.58.208
71,Elsworth,Lutwidge,elutwidge1y@dagondesign.com,Male,211.239.234.93
72,Toni,Trazzi,ttrazzi1z@sphinn.com,Female,44.32.21.254
73,Marilee,Potapczuk,mpotapczuk20@diigo.com,Female,221.248.81.65
74,Jo-anne,Jeanequin,jjeanequin21@businesswire.com,Female,165.30.78.20
75,Bev,Cappineer,bcappineer22@deliciousdays.com,Male,245.54.197.53
76,Mair,Goning,mgoning23@soup.io,Female,240.238.112.34
77,Libbey,Adrianello,ladrianello24@nifty.com,Female,175.233.91.20
78,Jarrett,Mebius,jmebius25@liveinternet.ru,Male,217.110.243.78
79,Gilberto,Hyam,ghyam26@ed.gov,Male,147.248.176.141
80,Trenton,Aiskrigg,taiskrigg27@reddit.com,Male,61.235.128.144
81,Petr,Leemans,pleemans28@wp.com,Male,139.151.53.224
82,Gabriel,Janton,gjanton29@tinypic.com,Male,111.31.98.137
83,Roi,Timmis,rtimmis2a@ucla.edu,Male,176.157.23.229
84,Lionello,Struan,lstruan2b@chron.com,Male,15.85.102.151
85,Jayme,Anfrey,janfrey2c@amazon.co.jp,Female,199.197.70.46
86,Dotti,Cleverly,dcleverly2d@exblog.jp,Female,170.191.232.19
87,Galina,Ellsom,gellsom2e@guardian.co.uk,Female,232.80.68.239
88,Claudia,Alanbrooke,calanbrooke2f@ow.ly,Female,253.53.131.203
89,Izaak,Gillingwater,igillingwater2g@bizjournals.com,Male,100.74.163.199
90,Harlen,Finnie,hfinnie2h@ovh.net,Male,169.215.43.137
91,Randi,Bumby,rbumby2i@about.me,Male,180.235.19.121
92,Andre,McDowall,amcdowall2j@sbwire.com,Male,209.204.123.98
93,Olin,Esson,oesson2k@blinklist.com,Male,238.118.143.239
94,Angie,Gerrens,agerrens2l@booking.com,Female,150.95.224.234
95,Ethel,McCuthais,emccuthais2m@furl.net,Female,171.217.141.181
96,Brinna,Staite,bstaite2n@ifeng.com,Female,109.200.75.93
97,Batholomew,Leddy,bleddy2o@home.pl,Male,146.63.152.50
98,Dacia,Sighard,dsighard2p@google.com.hk,Female,241.157.75.177
99,Willi,Duigan,wduigan2q@mozilla.com,Female,164.127.69.175
100,Patrizia,Leates,pleates2r@hhs.gov,Female,219.166.168.4
101,Jdavie,Bruno,jbruno2s@ucoz.ru,Male,24.85.82.111
102,Elli,Evins,eevins2t@wisc.edu,Female,217.126.90.159
103,Nedda,Cashmore,ncashmore2u@smugmug.com,Female,124.252.17.139
104,Corrie,Toplis,ctoplis2v@stanford.edu,Male,172.179.69.184
105,Ermin,Larham,elarham2w@chronoengine.com,Male,36.189.235.28
106,Temple,Pfeffel,tpfeffel2x@va.gov,Male,14.253.1.13
107,Maurizio,Duffer,mduffer2y@shutterfly.com,Male,228.136.157.40
108,Kathleen,Ruusa,kruusa2z@scribd.com,Female,253.141.142.138
109,Stu,Agett,sagett30@umn.edu,Male,85.48.215.124
110,Auria,Radenhurst,aradenhurst31@google.com.br,Female,62.100.3.63
111,Chucho,Shadbolt,cshadbolt32@friendfeed.com,Male,214.219.228.110
112,Rubetta,Gummow,rgummow33@g.co,Female,232.167.199.177
113,Jena,Riddick,jriddick34@sourceforge.net,Female,15.252.193.233
114,Rolfe,Limprecht,rlimprecht35@biglobe.ne.jp,Male,155.131.201.109
115,Audra,Rookes,arookes36@hp.com,Female,113.187.224.156
116,Barris,Montgomery,bmontgomery37@pagesperso-orange.fr,Male,221.204.58.249
117,Corissa,Feely,cfeely38@irs.gov,Female,56.27.163.161
118,Irvine,Hocking,ihocking39@webnode.com,Male,43.70.187.122
119,Saul,Godspeede,sgodspeede3a@opensource.org,Male,137.43.129.52
120,Deena,Rubra,drubra3b@tumblr.com,Female,129.134.16.137
121,Sergent,Varnals,svarnals3c@admin.ch,Male,81.151.211.127
122,Rupert,Sandyford,rsandyford3d@gmpg.org,Male,74.224.60.9
123,Harley,Jury,hjury3e@istockphoto.com,Male,170.23.39.129
124,Hurlee,Llewellen,hllewellen3f@sogou.com,Male,185.66.100.146
125,Sibyl,Garthshore,sgarthshore3g@cocolog-nifty.com,Female,183.67.242.133
126,Kayne,Linnell,klinnell3h@theglobeandmail.com,Male,156.9.9.136
127,Lindsay,Pepineaux,lpepineaux3i@deviantart.com,Male,116.250.180.155
128,Natty,Rodwell,nrodwell3j@mysql.com,Male,205.187.68.152
129,Suzy,Svanetti,ssvanetti3k@wp.com,Female,29.17.232.232
130,Boyce,Santorini,bsantorini3l@instagram.com,Male,95.209.147.116
131,Camille,Gladebeck,cgladebeck3m@techcrunch.com,Female,223.112.160.41
132,Deborah,Isacq,disacq3n@qq.com,Female,154.238.68.129
133,Karena,Kinze,kkinze3o@dion.ne.jp,Female,246.24.6.146
134,Edmund,Wace,ewace3p@tripod.com,Male,30.244.225.132
135,Carol-jean,Canet,ccanet3q@ftc.gov,Female,10.104.58.82
136,Buddie,Downgate,bdowngate3r@ca.gov,Male,27.158.97.15
137,Jeniffer,Christene,jchristene3s@psu.edu,Female,11.144.163.183
138,Shoshana,Klaesson,sklaesson3t@symantec.com,Female,85.212.234.123
139,Davidde,Grimstead,dgrimstead3u@ed.gov,Male,128.36.223.116
140,Coriss,Cadden,ccadden3v@google.ru,Female,206.170.149.28
141,Dorita,Dungey,ddungey3w@discuz.net,Female,67.59.163.233
142,Trevar,Meiklem,tmeiklem3x@qq.com,Male,105.67.179.246
143,Vic,Burditt,vburditt3y@washington.edu,Male,98.217.162.212
144,Gordan,Twinning,gtwinning3z@dailymail.co.uk,Male,233.161.59.9
145,Blancha,Speddin,bspeddin40@domainmarket.com,Female,104.88.2.141
146,Clara,Vize,cvize41@umn.edu,Female,242.254.63.2
147,Siana,Bryett,sbryett42@blog.com,Female,185.108.210.247
148,Janet,Harriday,jharriday43@meetup.com,Female,255.34.85.247
149,Natale,Brandassi,nbrandassi44@tmall.com,Male,46.29.94.95
150,Phylis,Rosenhaupt,prosenhaupt45@e-recht24.de,Female,194.23.254.26
151,Davide,Ubsdall,dubsdall46@cam.ac.uk,Male,164.77.120.39
152,Kelli,Kisting,kkisting47@vimeo.com,Female,24.66.115.51
153,Simone,Bignal,sbignal48@jugem.jp,Female,73.236.89.121
154,Xaviera,McCurdy,xmccurdy49@naver.com,Female,107.199.63.106
155,Juieta,McGowing,jmcgowing4a@diigo.com,Female,79.133.38.90
156,Ingelbert,Zellick,izellick4b@mediafire.com,Male,182.19.24.229
157,Bev,Scanlan,bscanlan4c@about.com,Female,61.64.2.222
158,Dyana,Eirwin,deirwin4d@360.cn,Female,201.62.28.90
159,Trevar,Gyrgorwicx,tgyrgorwicx4e@hexun.com,Male,188.36.153.195
160,Hogan,Tench,htench4f@nifty.com,Male,243.174.196.26
161,Codie,Nattriss,cnattriss4g@blog.com,Male,152.8.18.246
162,Allister,Brason,abrason4h@arizona.edu,Male,103.210.232.243
163,Pryce,Cullon,pcullon4i@123-reg.co.uk,Male,16.50.26.142
164,Robbie,Widocks,rwidocks4j@tiny.cc,Female,232.197.243.153
165,Niko,Levine,nlevine4k@xing.com,Male,169.248.83.81
166,Mohammed,Ashborn,mashborn4l@bandcamp.com,Male,172.161.125.117
167,Evelina,Jellett,ejellett4m@fotki.com,Female,189.14.163.228
168,Page,Melior,pmelior4n@rediff.com,Male,192.126.100.137
169,Caryl,O'Glessane,coglessane4o@vinaora.com,Male,227.10.83.224
170,Antonina,Duer,aduer4p@reddit.com,Female,72.74.1.51
171,Kellina,Hildrew,khildrew4q@edublogs.org,Female,198.189.88.149
172,Carrol,Halsey,chalsey4r@ibm.com,Male,7.214.7.205
173,Lucita,O'Looney,lolooney4s@cisco.com,Female,76.107.130.202
174,Becki,Sandwith,bsandwith4t@histats.com,Female,165.97.217.41
175,Jemima,Asple,jasple4u@techcrunch.com,Female,41.115.44.171
176,Arin,Troubridge,atroubridge4v@webs.com,Male,116.54.82.174
177,Shanie,Burroughes,sburroughes4w@chron.com,Female,66.174.224.88
178,Christos,Breeze,cbreeze4x@bbc.co.uk,Male,4.5.247.211
179,Burlie,Rous,brous4y@wikipedia.org,Male,105.157.194.200
180,Elnore,Mably,emably4z@alexa.com,Female,173.228.105.73
181,Gardener,Offner,goffner50@phpbb.com,Male,65.3.34.43
182,Philippa,Staterfield,pstaterfield51@exblog.jp,Female,62.49.7.190
183,Rhiamon,Derrick,rderrick52@bigcartel.com,Female,212.69.83.54
184,Emalee,Glaister,eglaister53@marketwatch.com,Female,94.79.252.207
185,Nalani,Coggill,ncoggill54@nasa.gov,Female,113.23.239.248
186,Crichton,Ghioni,cghioni55@cargocollective.com,Male,79.246.104.101
187,Grete,Santacrole,gsantacrole56@mediafire.com,Female,106.116.123.53
188,Harrie,Bramich,hbramich57@flickr.com,Female,8.61.19.216
189,Josie,Gerritsma,jgerritsma58@dion.ne.jp,Female,148.45.221.232
190,Travis,Raynham,traynham59@ehow.com,Male,186.91.195.214
191,Cecilius,Turfus,cturfus5a@goo.ne.jp,Male,105.87.175.111
192,Ivett,Gryglewski,igryglewski5b@nyu.edu,Female,81.143.12.165
193,Theodosia,Cabble,tcabble5c@altervista.org,Female,162.38.134.203
194,Klara,Balazin,kbalazin5d@chronoengine.com,Female,20.11.63.33
195,Carolan,Rampton,crampton5e@seattletimes.com,Female,39.226.174.222
196,Abigail,Osgardby,aosgardby5f@nhs.uk,Female,142.198.69.13
197,Valentine,Hateley,vhateley5g@lulu.com,Male,107.76.37.231
198,Gauthier,Doughty,gdoughty5h@friendfeed.com,Male,231.24.149.97
199,Mayor,Deeming,mdeeming5i@bravesites.com,Male,11.45.94.212
200,Ardenia,Gove,agove5j@java.com,Female,73.128.98.216
201,Chucho,Callf,ccallf5k@devhub.com,Male,4.67.213.96
202,Bess,Carvell,bcarvell5l@guardian.co.uk,Female,71.97.43.251
203,Elsey,Authers,eauthers5m@mediafire.com,Female,43.188.182.165
204,Barbe,Humberston,bhumberston5n@blogspot.com,Female,167.87.147.80
205,Frants,Berresford,fberresford5o@addthis.com,Male,120.227.176.67
206,Shellie,Abrahami,sabrahami5p@cnn.com,Female,210.35.170.98
207,Isidor,Ebbitt,iebbitt5q@scientificamerican.com,Male,165.101.125.238
208,Filberto,Finley,ffinley5r@photobucket.com,Male,222.117.152.114
209,Igor,Rintoul,irintoul5s@amazonaws.com,Male,71.98.23.172
210,Alexina,Townshend,atownshend5t@symantec.com,Female,136.42.161.231
211,Valentia,Lampbrecht,vlampbrecht5u@mlb.com,Female,64.114.97.60
212,Anselma,Mattiacci,amattiacci5v@behance.net,Female,27.28.166.129
213,Arni,Matsell,amatsell5w@bing.com,Male,40.49.39.165
214,Sebastien,Pancoast,spancoast5x@linkedin.com,Male,72.101.61.213
215,Marylee,Medling,mmedling5y@digg.com,Female,144.73.3.144
216,Lou,Tinton,ltinton5z@photobucket.com,Female,168.118.99.139
217,Shanta,Popov,spopov60@addthis.com,Female,127.57.25.234
218,Leeland,Clive,lclive61@cnbc.com,Male,99.142.175.65
219,Patricio,Arangy,parangy62@about.com,Male,115.103.245.157
220,Joane,Green,jgreen63@tumblr.com,Female,235.36.196.51
221,Rusty,Risen,rrisen64@skype.com,Male,136.27.141.177
222,Marsh,Roney,mroney65@indiatimes.com,Male,169.67.204.215
223,Alyssa,Staves,astaves66@yellowpages.com,Female,165.252.66.130
224,Estell,Greest,egreest67@multiply.com,Female,42.194.212.102
225,Aubrey,Pitcher,apitcher68@house.gov,Female,105.68.66.1
226,Ailina,Bertwistle,abertwistle69@lycos.com,Female,184.140.107.107
227,Timothy,Birtchnell,tbirtchnell6a@usa.gov,Male,73.2.238.56
228,Petronille,Hallworth,phallworth6b@lycos.com,Female,162.107.96.128
229,Theo,Frunks,tfrunks6c@wikispaces.com,Male,82.111.97.147
230,Tomasina,Clewes,tclewes6d@mit.edu,Female,1.241.185.251
231,Shaughn,Godsmark,sgodsmark6e@people.com.cn,Male,187.5.55.33
232,Sybyl,Francescoccio,sfrancescoccio6f@storify.com,Female,100.38.167.119
233,Diego,Bunston,dbunston6g@smh.com.au,Male,3.78.180.82
234,Ailene,Warcop,awarcop6h@ed.gov,Female,89.67.254.108
235,Leon,Darwood,ldarwood6i@redcross.org,Male,156.18.218.145
236,Farah,Griffin,fgriffin6j@merriam-webster.com,Female,57.138.94.57
237,Jarid,Culy,jculy6k@tripod.com,Male,190.7.181.46
238,Corrine,Martschke,cmartschke6l@arstechnica.com,Female,92.162.16.104
239,Elysha,Munkley,emunkley6m@go.com,Female,233.175.12.127
240,Leonerd,Leates,lleates6n@amazon.co.jp,Male,186.63.245.169
241,Kathye,Nansom,knansom6o@kickstarter.com,Female,165.224.228.201
242,Pierre,Lanphier,planphier6p@discovery.com,Male,97.10.136.16
243,Dotty,Berks,dberks6q@multiply.com,Female,68.172.226.23
244,Thomasine,Dumphrey,tdumphrey6r@va.gov,Female,210.183.40.170
245,Javier,Weston,jweston6s@shareasale.com,Male,212.227.107.4
246,Minnie,Piscopiello,mpiscopiello6t@ed.gov,Female,175.199.60.128
247,Land,Overshott,lovershott6u@blogspot.com,Male,70.127.155.151
248,Meredithe,Trenchard,mtrenchard6v@tiny.cc,Female,222.173.88.220
249,Neron,Brandassi,nbrandassi6w@hexun.com,Male,142.238.126.210
250,Amelia,Sauvain,asauvain6x@wufoo.com,Female,66.124.137.32
251,Hayley,Pepineaux,hpepineaux6y@sfgate.com,Female,235.207.131.103
252,Conn,Dinsale,cdinsale6z@engadget.com,Male,166.109.17.134
253,Forrester,Foye,ffoye70@gizmodo.com,Male,141.114.125.62
254,Debee,Tissier,dtissier71@va.gov,Female,216.38.240.23
255,Stanly,Exall,sexall72@blogspot.com,Male,93.199.100.149
256,Fraser,Hamments,fhamments73@1und1.de,Male,153.200.31.207
257,Emelita,Oliver-Paull,eoliverpaull74@cam.ac.uk,Female,172.77.191.74
258,Tucky,Ivashev,tivashev75@nature.com,Male,108.138.115.205
259,Hildagard,Gudgin,hgudgin76@virginia.edu,Female,54.122.224.110
260,Giselbert,Bance,gbance77@accuweather.com,Male,149.55.33.250
261,Tyler,Beathem,tbeathem78@google.com.au,Male,250.15.250.86
262,Stephani,Cawkill,scawkill79@va.gov,Female,250.81.85.100
263,Benjamin,Wathan,bwathan7a@issuu.com,Male,233.179.243.4
264,Ivie,Bywater,ibywater7b@aboutads.info,Female,84.163.21.110
265,Gilberta,Dary,gdary7c@gnu.org,Female,120.245.240.91
266,Ross,Shorthouse,rshorthouse7d@slashdot.org,Male,18.30.175.175
267,Clarke,Kehoe,ckehoe7e@delicious.com,Male,12.182.228.188
268,Moyra,Harmon,mharmon7f@indiegogo.com,Female,121.203.138.46
269,Marcos,Davies,mdavies7g@yale.edu,Male,70.35.118.11
270,Izzy,Dimitrie,idimitrie7h@redcross.org,Male,17.7.222.62
271,Stu,Andrieux,sandrieux7i@loc.gov,Male,32.245.150.105
272,Ivie,Liversley,iliversley7j@google.com.au,Female,138.57.216.221
273,Zelig,Kelwaybamber,zkelwaybamber7k@miibeian.gov.cn,Male,148.51.4.95
274,Hogan,Hoogendorp,hhoogendorp7l@state.gov,Male,228.152.113.84
275,Adara,Threlfall,athrelfall7m@ebay.com,Female,202.171.135.248
276,Rab,Shergill,rshergill7n@simplemachines.org,Male,175.99.155.214
277,Ruthe,Coldman,rcoldman7o@homestead.com,Female,150.47.113.3
278,Laughton,Ruckert,lruckert7p@baidu.com,Male,226.144.218.5
279,Fernanda,Fassam,ffassam7q@blog.com,Female,109.3.219.15
280,Gaspar,Atwool,gatwool7r@cyberchimps.com,Male,141.194.103.34
281,Granger,Haseley,ghaseley7s@woothemes.com,Male,67.162.54.125
282,Andromache,Chadwen,achadwen7t@issuu.com,Female,109.164.228.180
283,Basile,Emney,bemney7u@eventbrite.com,Male,38.12.198.223
284,Joeann,Tattersall,jtattersall7v@eventbrite.com,Female,113.14.11.165
285,Von,Stuehmeier,vstuehmeier7w@elegantthemes.com,Male,6.102.130.193
286,Moselle,Chippindale,mchippindale7x@nbcnews.com,Female,173.185.60.94
287,Karisa,Stilgoe,kstilgoe7y@wired.com,Female,84.218.23.208
288,Nada,Molnar,nmolnar7z@princeton.edu,Female,195.52.109.0
289,Aime,Folk,afolk80@cnet.com,Female,154.17.90.197
290,Jan,McKennan,jmckennan81@wordpress.org,Female,235.223.225.247
291,Nester,Fergyson,nfergyson82@bluehost.com,Male,103.12.62.169
292,Brigit,Haster,bhaster83@technorati.com,Female,168.232.91.12
293,Melvyn,Jachtym,mjachtym84@businesswire.com,Male,246.215.211.191
294,Phylys,Claige,pclaige85@clickbank.net,Female,169.157.66.97
295,Gloria,Bonsall,gbonsall86@pen.io,Female,125.100.33.109
296,Caye,Martyn,cmartyn87@cbslocal.com,Female,233.114.69.82
297,Beale,Thorns,bthorns88@purevolume.com,Male,65.250.81.186
298,Brandais,Ringham,bringham89@japanpost.jp,Female,199.133.62.64
299,Levin,Challenger,lchallenger8a@unesco.org,Male,139.211.53.69
300,Aldric,Bastock,abastock8b@over-blog.com,Male,99.54.39.17
301,Gannie,Musson,gmusson8c@lulu.com,Male,112.42.129.31
302,Lucille,Menichini,lmenichini8d@blinklist.com,Female,113.240.15.209
303,Pooh,McWhin,pmcwhin8e@hexun.com,Male,135.44.238.215
304,Ingemar,Cavie,icavie8f@thetimes.co.uk,Male,99.59.232.246
305,Galven,Izzat,gizzat8g@ted.com,Male,55.219.3.200
306,Max,Saice,msaice8h@google.com.au,Male,42.119.177.171
307,Ranee,Fishbourn,rfishbourn8i@plala.or.jp,Female,170.97.223.202
308,Karlis,Gianilli,kgianilli8j@51.la,Male,235.27.165.123
309,Laurens,Ongin,longin8k@bravesites.com,Male,241.79.65.249
310,Jess,Meddings,jmeddings8l@reference.com,Male,191.105.245.54
311,Ruttger,Wentworth,rwentworth8m@barnesandnoble.com,Male,91.41.185.114
312,Aubrie,Grass,agrass8n@bloomberg.com,Female,244.226.118.52
313,Heall,Cella,hcella8o@reverbnation.com,Male,181.128.136.189
314,Alf,Guiden,aguiden8p@tripadvisor.com,Male,246.51.239.34
315,Amalie,Klarzynski,aklarzynski8q@dyndns.org,Female,203.175.193.99
316,Adams,Tyler,atyler8r@nature.com,Male,142.159.167.165
317,Patric,Alway,palway8s@constantcontact.com,Male,34.243.142.70
318,Moses,Albert,malbert8t@mayoclinic.com,Male,65.243.135.21
319,Curry,Ipgrave,cipgrave8u@cnbc.com,Male,155.119.54.40
320,Shaylyn,De Ferrari,sdeferrari8v@sogou.com,Female,179.141.180.191
321,Solomon,Kasman,skasman8w@pinterest.com,Male,71.135.117.235
322,Lura,Allderidge,lallderidge8x@berkeley.edu,Female,15.73.12.191
323,Turner,Lippini,tlippini8y@senate.gov,Male,59.17.93.199
324,Rochelle,Gleeton,rgleeton8z@yolasite.com,Female,74.126.25.221
325,Ingeborg,Anniwell,ianniwell90@over-blog.com,Female,254.176.187.89
326,Darrell,Laycock,dlaycock91@photobucket.com,Male,106.133.242.168
327,Nevin,Hasney,nhasney92@bravesites.com,Male,142.163.88.212
328,Stacee,Folomin,sfolomin93@meetup.com,Male,114.198.10.30
329,Wendie,Hanigan,whanigan94@friendfeed.com,Female,181.207.62.250
330,Kermie,Abbie,kabbie95@cdc.gov,Male,122.87.86.167
331,Hyacinthie,Troak,htroak96@stumbleupon.com,Female,1.203.158.232
332,Dorris,McCulley,dmcculley97@naver.com,Female,101.254.248.132
333,Brendin,Hooke,bhooke98@sciencedirect.com,Male,111.71.175.16
334,Adriane,Cranstoun,acranstoun99@webeden.co.uk,Female,48.219.143.83
335,Adelle,Rimmer,arimmer9a@usatoday.com,Female,141.52.175.25
336,Glyn,Cooper,gcooper9b@istockphoto.com,Female,78.193.70.73
337,Randy,McLean,rmclean9c@ustream.tv,Male,7.130.43.49
338,Randie,Seville,rseville9d@sun.com,Female,146.97.189.216
339,Gabriel,Veryard,gveryard9e@quantcast.com,Female,38.100.196.217
340,Gilbert,Kauble,gkauble9f@google.es,Male,236.181.135.59
341,Rodie,Pear,rpear9g@apache.org,Female,208.104.232.184
342,Nevin,Wainer,nwainer9h@addtoany.com,Male,129.10.89.213
343,Josee,Gaffon,jgaffon9i@cpanel.net,Female,64.54.64.131
344,Pat,Baddow,pbaddow9j@utexas.edu,Female,6.133.199.113
345,Mendel,Dye,mdye9k@google.cn,Male,72.200.22.155
346,Staford,Fryman,sfryman9l@ca.gov,Male,23.107.120.49
347,Hedvige,Sneddon,hsneddon9m@seesaa.net,Female,55.102.87.99
348,Benedick,Shubotham,bshubotham9n@symantec.com,Male,141.124.254.216
349,Fulvia,Pierson,fpierson9o@yahoo.co.jp,Female,1.77.147.126
350,Haze,Stoyell,hstoyell9p@photobucket.com,Male,11.227.132.52
351,Daune,Maunder,dmaunder9q@infoseek.co.jp,Female,132.145.221.20
352,Rip,Dowthwaite,rdowthwaite9r@weibo.com,Male,164.218.123.65
353,Denys,Edmands,dedmands9s@webs.com,Male,63.248.120.80
354,Iorgos,Gillespey,igillespey9t@wikia.com,Male,230.117.173.227
355,Matteo,Vyse,mvyse9u@dailymotion.com,Male,163.74.16.46
356,Levy,Mellish,lmellish9v@wikia.com,Male,106.18.210.132
357,Eugenie,Spellar,espellar9w@webs.com,Female,101.18.196.69
358,Francoise,Ebdin,febdin9x@zimbio.com,Female,52.25.105.158
359,Agnesse,Micklewicz,amicklewicz9y@qq.com,Female,56.44.236.179
360,Ebeneser,Brito,ebrito9z@t.co,Male,206.218.17.18
361,Rip,Comettoi,rcomettoia0@wordpress.org,Male,132.247.62.232
362,Culley,Holsall,cholsalla1@geocities.com,Male,251.183.9.227
363,Garvey,Djokovic,gdjokovica2@cmu.edu,Male,102.145.128.102
364,Ali,Colquit,acolquita3@lulu.com,Male,78.34.171.60
365,Nannie,Shippard,nshipparda4@ehow.com,Female,92.101.26.193
366,Alla,Fegan,afegana5@weather.com,Female,57.77.236.167
367,Roley,Mulliss,rmullissa6@omniture.com,Male,167.105.102.66
368,Hortensia,O'Growgane,hogrowganea7@1688.com,Female,83.136.236.186
369,Gideon,Easterling,geasterlinga8@hibu.com,Male,236.79.26.19
370,Millard,Lauderdale,mlauderdalea9@latimes.com,Male,31.52.36.242
371,Maddalena,Mathevon,mmathevonaa@moonfruit.com,Female,237.208.35.139
372,Jennette,Bernardos,jbernardosab@about.com,Female,106.206.214.99
373,Phyllida,Leathwood,pleathwoodac@abc.net.au,Female,134.125.123.109
374,Kitti,Capelow,kcapelowad@sina.com.cn,Female,129.21.121.97
375,Kennith,Wolfindale,kwolfindaleae@paginegialle.it,Male,128.210.251.246
376,Gonzales,Bradnam,gbradnamaf@dailymail.co.uk,Male,183.163.72.145
377,Sonny,Butler,sbutlerag@ning.com,Female,91.3.164.119
378,Charlotte,Gregh,cgreghah@bravesites.com,Female,31.57.173.79
379,Melamie,Hugh,mhughai@shop-pro.jp,Female,83.72.226.123
380,Kevon,Burtonwood,kburtonwoodaj@trellian.com,Male,65.129.171.72
381,Buddie,Sebrook,bsebrookak@japanpost.jp,Male,1.26.21.239
382,Shepard,Jindrak,sjindrakal@nbcnews.com,Male,2.144.55.200
383,Alonzo,Weyland,aweylandam@google.nl,Male,141.70.55.77
384,Ruprecht,Counsell,rcounsellan@ibm.com,Male,226.145.127.155
385,Marni,Andreini,mandreiniao@about.com,Female,10.202.153.220
386,Cthrine,Matzl,cmatzlap@scientificamerican.com,Female,188.211.253.103
387,Welbie,Hinrichs,whinrichsaq@w3.org,Male,182.238.43.119
388,Rodger,Cutridge,rcutridgear@nationalgeographic.com,Male,226.213.96.64
389,Berti,Purves,bpurvesas@howstuffworks.com,Female,61.109.217.216
390,Veronique,Pook,vpookat@acquirethisname.com,Female,161.149.239.238
391,Addie,Imloch,aimlochau@aboutads.info,Male,106.246.164.214
392,Mora,Tomlins,mtomlinsav@multiply.com,Female,153.51.211.1
393,Sapphira,Pennetta,spennettaaw@youtube.com,Female,187.127.66.229
394,Michale,Tosdevin,mtosdevinax@deliciousdays.com,Male,149.175.5.251
395,Hatty,Tendahl,htendahlay@marriott.com,Female,191.120.210.148
396,Hieronymus,Sealy,hsealyaz@jigsy.com,Male,26.145.38.159
397,Ailina,Kohrt,akohrtb0@shinystat.com,Female,187.211.115.89
398,Arleta,Hastelow,ahastelowb1@example.com,Female,135.189.172.122
399,Frederico,Bakhrushkin,fbakhrushkinb2@php.net,Male,138.82.38.86
400,Cristobal,Spoerl,cspoerlb3@example.com,Male,22.71.34.79
401,Carie,Hulburt,chulburtb4@diigo.com,Female,121.248.128.234
402,Marlin,Caverhill,mcaverhillb5@cisco.com,Male,108.128.206.229
403,Tremaine,Gullefant,tgullefantb6@harvard.edu,Male,189.32.13.171
404,Herve,Girardoni,hgirardonib7@amazon.com,Male,6.212.156.39
405,Skippie,de Savery,sdesaveryb8@g.co,Male,250.110.81.136
406,Timoteo,O'Lynn,tolynnb9@upenn.edu,Male,188.26.255.221
407,Sibbie,Ancell,sancellba@cbsnews.com,Female,84.189.252.254
408,Cazzie,Sondon,csondonbb@ebay.co.uk,Male,45.124.254.139
409,Tildie,Woolbrook,twoolbrookbc@privacy.gov.au,Female,189.255.184.187
410,Alfreda,Eshelby,aeshelbybd@blogger.com,Female,253.59.117.212
411,Gianna,Golda,ggoldabe@symantec.com,Female,42.158.189.244
412,Fernande,Beamish,fbeamishbf@sakura.ne.jp,Female,55.54.93.115
413,Essie,Mathis,emathisbg@tiny.cc,Female,13.171.62.113
414,Amity,Agerskow,aagerskowbh@usda.gov,Female,196.205.198.163
415,Ursula,Barmby,ubarmbybi@cnbc.com,Female,60.52.249.118
416,Elysha,Greenlies,egreenliesbj@ucla.edu,Female,106.106.9.58
417,Currie,Acomb,cacombbk@tiny.cc,Male,110.241.43.112
418,Jany,Biggs,jbiggsbl@icq.com,Female,175.217.241.161
419,Carolyn,Beckensall,cbeckensallbm@nature.com,Female,199.117.190.194
420,Halie,Dewsnap,hdewsnapbn@mapy.cz,Female,198.226.219.238
421,Egan,Gentile,egentilebo@youtu.be,Male,229.230.190.62
422,Stanleigh,Connew,sconnewbp@weibo.com,Male,66.232.188.69
423,Antonius,Pfertner,apfertnerbq@java.com,Male,151.160.197.118
424,Laverne,Gowrie,lgowriebr@prnewswire.com,Female,189.189.64.156
425,Lowrance,Anthes,lanthesbs@shinystat.com,Male,255.96.169.137
426,Liuka,Piaggia,lpiaggiabt@guardian.co.uk,Female,27.32.13.112
427,Ambrose,Hadgkiss,ahadgkissbu@jimdo.com,Male,83.102.30.110
428,Ogden,Giannotti,ogiannottibv@usda.gov,Male,56.223.33.220
429,Staford,Guillford,sguillfordbw@nature.com,Male,0.4.92.139
430,Adlai,Oylett,aoylettbx@globo.com,Male,153.187.120.209
431,Seymour,Boise,sboiseby@chicagotribune.com,Male,170.223.162.165
432,Antonina,Hemphrey,ahemphreybz@elpais.com,Female,113.6.110.57
433,Nat,Downage,ndownagec0@vimeo.com,Female,179.24.53.52
434,Yorker,Moncur,ymoncurc1@sohu.com,Male,90.134.135.170
435,Brita,Kissack,bkissackc2@wired.com,Female,168.24.41.112
436,Eward,Kensit,ekensitc3@yahoo.com,Male,194.129.160.28
437,Marve,Agnew,magnewc4@dion.ne.jp,Male,30.68.229.27
438,Lindsy,Raiston,lraistonc5@msn.com,Female,139.218.242.159
439,Wanids,Annesley,wannesleyc6@linkedin.com,Female,181.199.159.255
440,Morganne,Corbould,mcorbouldc7@about.com,Female,110.134.222.101
441,Stanly,Wattingham,swattinghamc8@ebay.co.uk,Male,163.79.19.21
442,Donielle,Dobbings,ddobbingsc9@technorati.com,Female,97.155.166.166
443,Clive,Spinello,cspinelloca@biglobe.ne.jp,Male,150.155.222.178
444,Hatti,Willerton,hwillertoncb@census.gov,Female,168.216.187.134
445,Corri,Carnalan,ccarnalancc@usnews.com,Female,61.184.247.180
446,Cynthy,Lonie,cloniecd@youtu.be,Female,24.236.195.208
447,Sophey,Trundle,strundlece@techcrunch.com,Female,207.241.31.175
448,Julienne,Franscioni,jfranscionicf@printfriendly.com,Female,238.0.19.72
449,Byran,Graybeal,bgraybealcg@google.com.hk,Male,188.60.58.55
450,Wilfrid,Troman,wtromanch@themeforest.net,Male,225.99.209.6
451,Adrienne,Mecco,ameccoci@bandcamp.com,Female,31.163.45.16
452,Yehudi,Pimley,ypimleycj@php.net,Male,104.229.149.218
453,Marta,Mauro,mmaurock@stanford.edu,Female,244.236.230.21
454,Sylvan,Kearns,skearnscl@bravesites.com,Male,184.212.205.117
455,Gerhardine,Staddart,gstaddartcm@miitbeian.gov.cn,Female,49.32.196.16
456,Birch,Furbank,bfurbankcn@cnn.com,Male,43.235.8.42
457,Onofredo,Burden,oburdenco@army.mil,Male,174.119.123.84
458,Sile,Gaywood,sgaywoodcp@skype.com,Female,184.186.19.234
459,Ive,Lowing,ilowingcq@nyu.edu,Male,162.89.148.254
460,Yolanda,Horrod,yhorrodcr@nydailynews.com,Female,244.95.132.132
461,Erny,Deener,edeenercs@indiatimes.com,Male,36.19.76.192
462,Elset,Rewan,erewanct@about.me,Female,173.36.195.204
463,Shea,Civitillo,scivitillocu@storify.com,Male,143.157.232.210
464,Anjanette,Enevoldsen,aenevoldsencv@europa.eu,Female,125.214.227.18
465,Jerri,Tapenden,jtapendencw@usa.gov,Male,186.67.182.1
466,Nani,Colhoun,ncolhouncx@redcross.org,Female,137.37.194.229
467,Maure,Braam,mbraamcy@si.edu,Female,200.151.253.121
468,Gaspard,MacAlaster,gmacalastercz@vkontakte.ru,Male,18.103.226.112
469,Levey,Pickthorne,lpickthorned0@mit.edu,Male,233.23.161.57
470,Courtney,Dugdale,cdugdaled1@google.co.uk,Male,193.92.46.184
471,Dillon,Langthorn,dlangthornd2@engadget.com,Male,130.51.227.163
472,Cammy,Ridolfi,cridolfid3@patch.com,Female,162.19.241.26
473,Bradley,Houlston,bhoulstond4@washingtonpost.com,Male,21.71.183.15
474,Stephenie,Plampin,splampind5@csmonitor.com,Female,31.92.170.112
475,Brent,Francesconi,bfrancesconid6@diigo.com,Male,123.19.245.59
476,Allen,MacGlory,amacgloryd7@reuters.com,Male,253.211.163.199
477,Sherline,Cardis,scardisd8@berkeley.edu,Female,188.16.237.228
478,Augusto,Scobbie,ascobbied9@hatena.ne.jp,Male,75.99.230.134
479,Sascha,Foxen,sfoxenda@wordpress.com,Female,172.107.55.145
480,Rebbecca,Kleint,rkleintdb@posterous.com,Female,11.238.158.162
481,Ronna,Todman,rtodmandc@omniture.com,Female,126.220.18.245
482,Raynell,Giabuzzi,rgiabuzzidd@blogger.com,Female,232.74.107.46
483,Jorgan,Buxey,jbuxeyde@army.mil,Male,1.125.88.26
484,Betsy,Kersey,bkerseydf@sourceforge.net,Female,110.70.143.21
485,Miran,Wann,mwanndg@skype.com,Female,74.252.183.234
486,Gwen,Somerbell,gsomerbelldh@jimdo.com,Female,165.223.221.123
487,Portia,Truelock,ptruelockdi@usa.gov,Female,81.196.51.151
488,Rossie,Murch,rmurchdj@domainmarket.com,Male,54.175.62.166
489,Katie,Shute,kshutedk@va.gov,Female,96.165.8.14
490,Janel,Labes,jlabesdl@accuweather.com,Female,246.196.101.92
491,Tallou,Langeren,tlangerendm@gmpg.org,Female,38.55.76.179
492,Boniface,Winder,bwinderdn@sakura.ne.jp,Male,222.232.62.20
493,Shaine,Lorant,slorantdo@miitbeian.gov.cn,Male,188.59.255.11
494,Tudor,Siviour,tsiviourdp@youku.com,Male,127.106.194.93
495,Isaak,Hardwell,ihardwelldq@yellowbook.com,Male,86.70.191.137
496,Demetris,Moresby,dmoresbydr@amazon.co.jp,Male,193.234.234.228
497,Jelene,Kropach,jkropachds@tmall.com,Female,223.55.243.210
498,Terri,Dixcee,tdixceedt@mlb.com,Male,40.163.246.76
499,Jacinthe,Ketley,jketleydu@dagondesign.com,Female,10.255.167.147
500,Chic,Oxburgh,coxburghdv@java.com,Male,9.204.134.146
501,Aimee,Hovy,ahovydw@tripadvisor.com,Female,161.66.57.69
502,Arlinda,Wooffinden,awooffindendx@fema.gov,Female,105.243.199.172
503,Karon,Kellie,kkelliedy@tiny.cc,Female,1.130.223.3
504,Nicolette,Fibbings,nfibbingsdz@patch.com,Female,191.10.198.7
505,Marney,Raxworthy,mraxworthye0@ustream.tv,Female,227.220.5.236
506,Matt,Tembridge,mtembridgee1@spotify.com,Male,6.211.34.106
507,Marice,Coathup,mcoathupe2@dailymail.co.uk,Female,231.154.187.153
508,Lorri,McKeown,lmckeowne3@oakley.com,Female,178.56.116.147
509,Mischa,Gardiner,mgardinere4@unesco.org,Male,5.51.199.84
510,Manuel,Ben,mbene5@vkontakte.ru,Male,72.131.55.105
511,Normy,Stockey,nstockeye6@yandex.ru,Male,24.113.66.9
512,Elvis,O'Hagerty,eohagertye7@jigsy.com,Male,137.38.247.104
513,Adolph,Feares,afearese8@homestead.com,Male,184.235.153.133
514,Patton,Bulled,pbullede9@slate.com,Male,119.193.246.104
515,Giselle,Welton,gweltonea@ask.com,Female,17.93.184.142
516,Aundrea,Cousens,acousenseb@themeforest.net,Female,157.18.255.179
517,Renault,Bark,rbarkec@tinyurl.com,Male,225.189.157.118
518,Brinna,Bohje,bbohjeed@themeforest.net,Female,63.67.26.204
519,Janith,Gabler,jgableree@technorati.com,Female,165.104.227.86
520,Jobi,Hagley,jhagleyef@hostgator.com,Female,208.116.75.220
521,Hendrick,Milmoe,hmilmoeeg@wikispaces.com,Male,139.23.208.184
522,Gabriele,Fellis,gfelliseh@simplemachines.org,Male,132.12.222.138
523,Giffer,Revill,grevillei@wordpress.org,Male,61.16.94.190
524,Adelaida,Serman,asermanej@google.com,Female,254.167.130.242
525,Merry,Hawksley,mhawksleyek@wikia.com,Male,241.133.84.59
526,Susan,Draper,sdraperel@ameblo.jp,Female,54.40.212.169
527,Ainslee,McKerley,amckerleyem@ovh.net,Female,254.76.202.226
528,Janessa,Hansemann,jhansemannen@live.com,Female,113.240.27.145
529,Kathie,Gonsalo,kgonsaloeo@usda.gov,Female,113.255.75.13
530,Shaylah,Enterle,senterleep@who.int,Female,167.21.156.107
531,Carver,Negro,cnegroeq@unc.edu,Male,217.216.163.171
532,Teresina,Cutridge,tcutridgeer@typepad.com,Female,80.99.109.86
533,Orlan,Soppit,osoppites@vistaprint.com,Male,171.191.171.7
534,Mable,Krolik,mkroliket@behance.net,Female,69.113.71.219
535,Reginauld,Asif,rasifeu@altervista.org,Male,159.201.86.103
536,Kippy,Dollen,kdollenev@disqus.com,Female,220.222.135.165
537,Fay,Phillip,fphillipew@discuz.net,Female,190.169.218.91
538,Jordanna,Hallows,jhallowsex@phpbb.com,Female,98.198.72.73
539,Kareem,Plant,kplantey@skype.com,Male,5.106.30.217
540,Robbi,Joddens,rjoddensez@example.com,Female,237.227.59.116
541,Delores,Commings,dcommingsf0@statcounter.com,Female,201.191.32.172
542,Sallyanne,Mulvihill,smulvihillf1@goo.ne.jp,Female,118.96.63.145
543,Wilton,Warin,wwarinf2@wp.com,Male,25.62.69.153
544,Elaina,Lambdon,elambdonf3@sohu.com,Female,171.177.73.111
545,Kayne,Izzard,kizzardf4@reference.com,Male,219.191.186.214
546,Simona,Klimentov,sklimentovf5@shinystat.com,Female,30.28.180.229
547,Bonita,Stoneley,bstoneleyf6@nhs.uk,Female,151.67.185.93
548,Viola,Mariyushkin,vmariyushkinf7@woothemes.com,Female,151.193.205.117
549,Lanie,Norway,lnorwayf8@w3.org,Male,122.100.203.142
550,Ailey,Sellars,asellarsf9@netscape.com,Female,47.24.27.78
551,Chickie,Dealy,cdealyfa@phpbb.com,Male,204.182.8.11
552,Ernest,Meynell,emeynellfb@cdc.gov,Male,211.187.19.183
553,Rowena,Mapplethorpe,rmapplethorpefc@linkedin.com,Female,22.22.254.128
554,Flossy,Millea,fmilleafd@fotki.com,Female,53.199.166.139
555,Jose,Cady,jcadyfe@cornell.edu,Male,159.100.236.160
556,Amalee,Abrahm,aabrahmff@deliciousdays.com,Female,122.40.226.25
557,Marietta,Abdey,mabdeyfg@ihg.com,Female,249.254.110.46
558,Patten,Drayn,pdraynfh@twitter.com,Male,156.219.7.12
559,Maxy,Bergen,mbergenfi@harvard.edu,Female,254.158.64.6
560,Coralyn,Darben,cdarbenfj@cafepress.com,Female,184.85.52.140
561,Wendeline,Coppenhall,wcoppenhallfk@telegraph.co.uk,Female,44.176.172.185
562,Willi,Haskins,whaskinsfl@wsj.com,Female,242.231.17.26
563,Denyse,Barrett,dbarrettfm@symantec.com,Female,179.174.20.167
564,Rori,Hopfer,rhopferfn@dyndns.org,Female,155.56.60.72
565,Ellery,Halley,ehalleyfo@noaa.gov,Male,124.28.3.162
566,Tadd,Brightie,tbrightiefp@phoca.cz,Male,13.30.145.91
567,Pen,Rampling,pramplingfq@wiley.com,Male,117.185.177.25
568,Phillipe,Baines,pbainesfr@geocities.jp,Male,196.192.181.186
569,Gunilla,Elcombe,gelcombefs@hc360.com,Female,219.118.62.200
570,Ulises,McNirlin,umcnirlinft@geocities.com,Male,112.108.186.23
571,Dallas,Smewin,dsmewinfu@dedecms.com,Female,134.1.159.151
572,Blanca,Simonnin,bsimonninfv@webnode.com,Female,154.145.159.117
573,Otes,Loalday,oloaldayfw@umich.edu,Male,95.255.21.111
574,Jacki,Schuler,jschulerfx@alibaba.com,Female,24.64.172.158
575,Grannie,Fleckno,gflecknofy@opera.com,Male,47.107.40.197
576,Keary,Miskelly,kmiskellyfz@state.tx.us,Male,189.226.161.151
577,Freddie,Duiged,fduigedg0@linkedin.com,Male,244.5.231.202
578,Reina,Drissell,rdrissellg1@springer.com,Female,122.86.235.96
579,Eddy,Tripp,etrippg2@adobe.com,Male,194.197.22.173
580,Iris,Olliff,iolliffg3@wordpress.com,Female,219.177.202.134
581,Royal,Douty,rdoutyg4@cam.ac.uk,Male,162.8.53.83
582,Chiquia,Howling,chowlingg5@hhs.gov,Female,128.196.5.39
583,Jasen,Yerby,jyerbyg6@indiatimes.com,Male,44.85.250.63
584,Conni,Hamstead,chamsteadg7@myspace.com,Female,228.88.176.177
585,Nathalia,Beasant,nbeasantg8@tripadvisor.com,Female,99.222.153.51
586,Carolann,Kilcullen,ckilculleng9@ask.com,Female,7.242.174.229
587,Montague,Grzelewski,mgrzelewskiga@amazon.co.uk,Male,34.47.175.163
588,Randie,Scopyn,rscopyngb@slideshare.net,Female,9.8.23.220
589,Gianni,Mitchley,gmitchleygc@amazon.com,Male,142.137.100.5
590,Ealasaid,Ilieve,eilievegd@newyorker.com,Female,152.34.58.231
591,Clement,Adcocks,cadcocksge@squidoo.com,Male,105.146.81.86
592,Mackenzie,Nesby,mnesbygf@webeden.co.uk,Male,8.112.168.194
593,Lorita,McCluskey,lmccluskeygg@cafepress.com,Female,205.183.56.23
594,Oby,Lynds,olyndsgh@blinklist.com,Male,114.17.20.32
595,Javier,Berrisford,jberrisfordgi@hexun.com,Male,231.127.79.164
596,Albrecht,Gerb,agerbgj@odnoklassniki.ru,Male,197.89.228.82
597,Mirelle,Antrack,mantrackgk@gravatar.com,Female,165.17.104.245
598,Nico,Hackinge,nhackingegl@tinypic.com,Male,216.128.7.204
599,Kenton,Bennough,kbennoughgm@wikimedia.org,Male,52.64.88.84
600,Billy,Clapton,bclaptongn@about.me,Male,128.195.32.15
601,Hana,West,hwestgo@a8.net,Female,0.238.23.135
602,Bil,Longthorne,blongthornegp@sciencedirect.com,Male,192.122.252.183
603,Bent,Volage,bvolagegq@salon.com,Male,51.98.66.21
604,Edwina,McIlwrick,emcilwrickgr@who.int,Female,23.156.249.164
605,Patrizio,Cicero,pcicerogs@statcounter.com,Male,0.169.97.49
606,Marillin,Pettko,mpettkogt@berkeley.edu,Female,103.224.54.107
607,Moina,Lambin,mlambingu@go.com,Female,148.12.172.150
608,Odey,Rooksby,orooksbygv@tinyurl.com,Male,79.201.188.91
609,Carin,Spillman,cspillmangw@dell.com,Female,144.164.136.116
610,Rosalinde,Riall,rriallgx@telegraph.co.uk,Female,133.83.154.12
611,Emilie,Duhig,eduhiggy@pagesperso-orange.fr,Female,21.247.174.213
612,Sammy,Strong,sstronggz@va.gov,Male,6.51.127.74
613,Hayyim,MacDonell,hmacdonellh0@pbs.org,Male,51.110.186.65
614,Blinny,Sent,bsenth1@homestead.com,Female,227.181.58.249
615,Anny,Young,ayoungh2@ask.com,Female,152.45.8.157
616,Samuele,Hoffman,shoffmanh3@usa.gov,Male,54.238.196.13
617,Dael,Christophe,dchristopheh4@netlog.com,Male,116.135.196.146
618,Gram,Duffie,gduffieh5@vk.com,Male,161.44.235.144
619,Juliette,McGovern,jmcgovernh6@indiegogo.com,Female,6.48.86.151
620,Quint,Pyott,qpyotth7@sohu.com,Male,197.1.240.136
621,Kelley,Wreight,kwreighth8@nasa.gov,Male,205.1.182.110
622,Lorilee,Gallegos,lgallegosh9@irs.gov,Female,100.7.136.69
623,Jaimie,McCrorie,jmccrorieha@sciencedirect.com,Female,11.131.191.193
624,Thane,Barstow,tbarstowhb@ucsd.edu,Male,158.139.97.188
625,Matelda,Dunkinson,mdunkinsonhc@mapy.cz,Female,18.54.154.221
626,Ruddie,Sarton,rsartonhd@state.tx.us,Male,214.174.92.21
627,Dorisa,Seiter,dseiterhe@google.com.au,Female,147.42.204.144
628,Ricoriki,Sheridan,rsheridanhf@whitehouse.gov,Male,84.97.34.60
629,Cathrin,Midghall,cmidghallhg@wired.com,Female,177.13.238.223
630,Filippa,Franceschelli,ffranceschellihh@nsw.gov.au,Female,103.180.74.214
631,Jerrilee,Lerwell,jlerwellhi@dagondesign.com,Female,96.34.153.110
632,Gregorio,Stoodley,gstoodleyhj@berkeley.edu,Male,59.18.128.215
633,Katerina,Worviell,kworviellhk@cpanel.net,Female,96.233.48.31
634,Free,Layman,flaymanhl@skype.com,Male,15.231.32.246
635,Jamie,Kenwyn,jkenwynhm@digg.com,Female,225.238.63.198
636,Sullivan,Estcot,sestcothn@rambler.ru,Male,220.138.3.234
637,Christie,Blackway,cblackwayho@ebay.com,Male,204.17.117.174
638,Robinette,Egdal,regdalhp@issuu.com,Female,145.50.147.190
639,Gerladina,Morbey,gmorbeyhq@t.co,Female,86.228.209.194
640,Janela,Itshak,jitshakhr@issuu.com,Female,105.193.34.175
641,Andy,Manville,amanvillehs@businessweek.com,Male,49.233.157.213
642,Purcell,Whiteside,pwhitesideht@eepurl.com,Male,229.189.88.210
643,Cameron,Harsnipe,charsnipehu@fema.gov,Male,141.227.31.167
644,Maribelle,Emmines,memmineshv@unicef.org,Female,97.157.202.24
645,Emalia,Sellors,esellorshw@list-manage.com,Female,202.21.184.19
646,Amble,Veryard,averyardhx@unicef.org,Male,136.29.82.208
647,Piotr,Dhillon,pdhillonhy@t.co,Male,232.98.20.106
648,Ruthe,Algy,ralgyhz@w3.org,Female,11.33.47.9
649,Harold,Wholesworth,hwholesworthi0@pen.io,Male,14.222.32.102
650,Evie,Fumagallo,efumagalloi1@unblog.fr,Female,197.249.214.42
651,Tiffany,Besnard,tbesnardi2@godaddy.com,Female,193.142.34.108
652,Merola,Bertenshaw,mbertenshawi3@comcast.net,Female,77.41.100.37
653,Drugi,Brannon,dbrannoni4@yandex.ru,Male,240.126.241.162
654,Anastassia,Melia,ameliai5@ovh.net,Female,221.19.155.6
655,Daisi,Taunton.,dtauntoni6@geocities.com,Female,17.14.248.76
656,Allie,Delph,adelphi7@abc.net.au,Male,149.206.60.121
657,Juli,McComb,jmccombi8@npr.org,Female,8.176.127.190
658,Christine,Schapero,cschaperoi9@technorati.com,Female,109.123.175.144
659,Yardley,Bassford,ybassfordia@nytimes.com,Male,32.181.177.104
660,Cordy,Basterfield,cbasterfieldib@drupal.org,Female,193.41.59.3
661,Randee,Burwood,rburwoodic@joomla.org,Female,209.71.6.84
662,Rubina,Bossom,rbossomid@gov.uk,Female,2.149.134.73
663,Lukas,Patten,lpattenie@usa.gov,Male,189.59.236.228
664,Rance,Sine,rsineif@nba.com,Male,127.164.225.67
665,Forrester,Wareing,fwareingig@bluehost.com,Male,115.114.217.242
666,Allyn,Daverin,adaverinih@fastcompany.com,Female,51.52.145.89
667,Aylmer,Livett,alivettii@go.com,Male,87.48.219.14
668,Kerrie,Remer,kremerij@webs.com,Female,109.168.78.94
669,Vivi,Errett,verrettik@google.ru,Female,189.101.79.246
670,Rosy,Wonfar,rwonfaril@purevolume.com,Female,34.46.196.208
671,Wilone,Klassman,wklassmanim@economist.com,Female,240.175.74.52
672,Reagen,Bordes,rbordesin@etsy.com,Male,138.145.133.130
673,Luigi,Treace,ltreaceio@abc.net.au,Male,136.151.182.129
674,Benson,Eastmond,beastmondip@usgs.gov,Male,61.138.218.154
675,Osmond,Ganford,oganfordiq@stumbleupon.com,Male,127.8.81.130
676,Winnie,Dreakin,wdreakinir@yahoo.co.jp,Male,216.3.21.66
677,Alasteir,Manger,amangeris@liveinternet.ru,Male,163.208.202.80
678,Ruddie,Thorby,rthorbyit@cbslocal.com,Male,68.103.153.113
679,Hyatt,Caras,hcarasiu@deviantart.com,Male,175.151.217.118
680,Ibbie,Oxford,ioxfordiv@go.com,Female,27.255.171.99
681,Hal,Wegner,hwegneriw@networkadvertising.org,Male,66.152.48.186
682,Tabby,Capener,tcapenerix@sakura.ne.jp,Female,185.155.173.26
683,Rina,Lushey,rlusheyiy@msu.edu,Female,154.12.44.227
684,Si,Laise,slaiseiz@elegantthemes.com,Male,131.243.51.147
685,Josiah,Adolthine,jadolthinej0@unicef.org,Male,246.187.251.17
686,Dredi,Deppen,ddeppenj1@amazon.co.uk,Female,228.116.30.43
687,Adel,Luckings,aluckingsj2@fastcompany.com,Female,37.143.195.105
688,Farris,Kinder,fkinderj3@sphinn.com,Male,4.66.78.154
689,Tandie,Huzzay,thuzzayj4@redcross.org,Female,81.76.124.230
690,Lynelle,Demko,ldemkoj5@dion.ne.jp,Female,64.62.128.66
691,Tomas,Gethyn,tgethynj6@slashdot.org,Male,190.205.170.219
692,Quintana,Stappard,qstappardj7@fema.gov,Female,29.73.47.106
693,Dewain,Dasent,ddasentj8@ihg.com,Male,94.254.182.141
694,Madlen,Loftus,mloftusj9@admin.ch,Female,234.177.199.239
695,Shir,Sowman,ssowmanja@berkeley.edu,Female,23.82.54.46
696,Vincenz,Baskett,vbaskettjb@cisco.com,Male,220.165.197.53
697,Sander,Clementson,sclementsonjc@domainmarket.com,Male,46.54.242.154
698,Etta,Faragher,efaragherjd@blogger.com,Female,92.254.89.73
699,Clari,Howlings,chowlingsje@bloglovin.com,Female,185.167.194.241
700,Netta,Howels,nhowelsjf@craigslist.org,Female,14.240.30.81
701,Sharai,Joppich,sjoppichjg@google.com,Female,230.130.254.233
702,Ingunna,Stirling,istirlingjh@bandcamp.com,Female,170.4.117.92
703,Evangelia,Aimson,eaimsonji@cnn.com,Female,147.253.104.180
704,Ellissa,Rignoldes,erignoldesjj@businessinsider.com,Female,152.163.167.125
705,Goldina,Itzhaiek,gitzhaiekjk@blinklist.com,Female,236.172.57.113
706,Marni,Tomet,mtometjl@squidoo.com,Female,37.193.53.184
707,Kalle,Trowel,ktroweljm@mayoclinic.com,Male,214.3.41.246
708,Marcelia,Stelljes,mstelljesjn@abc.net.au,Female,74.108.244.227
709,Julee,Gillies,jgilliesjo@forbes.com,Female,202.115.182.150
710,Rozelle,Patise,rpatisejp@comcast.net,Female,163.163.198.178
711,Aurilia,Darby,adarbyjq@java.com,Female,254.250.46.239
712,Melany,Mance,mmancejr@jugem.jp,Female,142.62.183.124
713,Verina,Penhearow,vpenhearowjs@sfgate.com,Female,85.219.29.85
714,Kittie,Riddick,kriddickjt@ox.ac.uk,Female,196.126.94.53
715,Geoffrey,Giron,ggironju@sourceforge.net,Male,226.232.174.7
716,Amanda,Belverstone,abelverstonejv@samsung.com,Female,247.196.215.157
717,Verina,Issacson,vissacsonjw@deviantart.com,Female,217.124.132.53
718,Bryn,Bertelsen,bbertelsenjx@vimeo.com,Female,158.24.82.231
719,Hunfredo,April,hapriljy@stumbleupon.com,Male,68.21.173.16
720,Robin,Papes,rpapesjz@msn.com,Male,179.116.227.179
721,Adore,Milverton,amilvertonk0@msu.edu,Female,190.70.150.3
722,Keenan,Mulrenan,kmulrenank1@apple.com,Male,130.52.148.38
723,Siusan,Bilsford,sbilsfordk2@histats.com,Female,155.40.102.114
724,Eugenio,Pate,epatek3@time.com,Male,85.153.38.171
725,Ripley,Hadenton,rhadentonk4@nifty.com,Male,121.170.11.187
726,Brittne,Guthrie,bguthriek5@etsy.com,Female,52.137.70.14
727,Emera,Grishin,egrishink6@umich.edu,Female,247.145.129.16
728,Salvador,Shout,sshoutk7@geocities.jp,Male,73.238.86.210
729,Howard,Laden,hladenk8@comsenz.com,Male,38.97.146.247
730,Brynn,Chessell,bchessellk9@fda.gov,Female,189.213.127.67
731,Paddie,Flannery,pflanneryka@economist.com,Male,213.187.27.64
732,Paolina,Churchard,pchurchardkb@time.com,Female,56.94.81.50
733,Lou,Moulin,lmoulinkc@netvibes.com,Female,10.249.152.169
734,Monroe,Alasdair,malasdairkd@wikipedia.org,Male,247.78.27.186
735,Rollin,Renehan,rrenehanke@slate.com,Male,153.129.46.152
736,Hewet,Tather,htatherkf@delicious.com,Male,195.228.190.107
737,Alida,Clace,aclacekg@va.gov,Female,222.250.28.18
738,Clive,Cockayne,ccockaynekh@timesonline.co.uk,Male,5.85.93.96
739,Ancell,Evennett,aevennettki@seattletimes.com,Male,6.115.186.12
740,Eydie,Fallis,efalliskj@fema.gov,Female,70.62.245.185
741,Ingar,Tocknell,itocknellkk@wp.com,Male,11.233.29.70
742,Cristie,Earley,cearleykl@latimes.com,Female,247.107.106.45
743,Eudora,Manifield,emanifieldkm@reddit.com,Female,21.118.131.34
744,Noell,Creek,ncreekkn@1688.com,Female,182.246.136.22
745,Hilary,Armall,harmallko@meetup.com,Female,69.162.152.161
746,Pru,Goodswen,pgoodswenkp@liveinternet.ru,Female,165.249.55.43
747,Burg,Rens,brenskq@sakura.ne.jp,Male,4.39.181.12
748,Hyatt,Shimuk,hshimukkr@e-recht24.de,Male,230.136.243.52
749,Lutero,Fullom,lfullomks@ihg.com,Male,127.103.132.5
750,Axe,Willatts,awillattskt@seattletimes.com,Male,137.48.33.108
751,Lulu,Diment,ldimentku@bizjournals.com,Female,152.201.85.211
752,Andros,Upcraft,aupcraftkv@tinypic.com,Male,152.134.237.218
753,Broderick,Oakley,boakleykw@soundcloud.com,Male,4.227.159.178
754,Kelbee,Bernadot,kbernadotkx@diigo.com,Male,225.236.125.138
755,Thedrick,Kembley,tkembleyky@dot.gov,Male,194.242.176.208
756,Silvano,Boot,sbootkz@ibm.com,Male,94.212.183.143
757,Jack,Rignold,jrignoldl0@freewebs.com,Male,171.233.76.121
758,Binny,Scalera,bscaleral1@globo.com,Female,37.238.135.226
759,Sayre,Dungey,sdungeyl2@istockphoto.com,Male,104.160.126.4
760,Herve,Lortz,hlortzl3@goo.gl,Male,154.219.57.72
761,Burnard,Gateshill,bgateshilll4@house.gov,Male,85.48.173.97
762,Marc,De Gregoli,mdegregolil5@w3.org,Male,39.227.24.141
763,Krishnah,Sweeney,ksweeneyl6@ning.com,Male,128.26.236.143
764,Alexandra,Lount,alountl7@weibo.com,Female,36.213.190.110
765,Gunter,Bensusan,gbensusanl8@unc.edu,Male,95.58.151.11
766,Layne,Rankling,lranklingl9@booking.com,Female,207.239.144.241
767,Bronnie,Lenihan,blenihanla@mozilla.com,Male,93.97.92.215
768,Bernelle,Misson,bmissonlb@spotify.com,Female,43.203.247.97
769,Revkah,Hatchett,rhatchettlc@liveinternet.ru,Female,11.74.104.52
770,Jennine,Sendall,jsendallld@cisco.com,Female,57.43.73.43
771,Rudolf,Balassi,rbalassile@creativecommons.org,Male,51.232.237.248
772,Devland,Luesley,dluesleylf@senate.gov,Male,23.224.219.206
773,Grannie,Screeton,gscreetonlg@wix.com,Male,221.155.2.94
774,Nikoletta,Filgate,nfilgatelh@ca.gov,Female,107.7.214.51
775,Tony,Maxworthy,tmaxworthyli@jiathis.com,Female,172.41.0.94
776,Ruperta,Fransman,rfransmanlj@bigcartel.com,Female,15.204.157.74
777,Lucius,Jeannard,ljeannardlk@ebay.com,Male,195.217.33.83
778,Ingeborg,Anstiss,ianstissll@4shared.com,Female,201.5.120.193
779,Nanete,Knapman,nknapmanlm@issuu.com,Female,217.23.145.47
780,Malcolm,McShee,mmcsheeln@cbslocal.com,Male,160.2.244.30
781,Hastie,Kirman,hkirmanlo@issuu.com,Male,118.166.43.182
782,Olympia,Catenot,ocatenotlp@smh.com.au,Female,188.100.188.170
783,Alexis,Vandenhoff,avandenhofflq@github.io,Female,113.10.99.179
784,Luce,Wisson,lwissonlr@bing.com,Female,68.226.76.128
785,Joachim,Goodwell,jgoodwellls@photobucket.com,Male,181.198.44.39
786,Prinz,Domeny,pdomenylt@parallels.com,Male,89.215.147.87
787,Logan,Dabner,ldabnerlu@weibo.com,Male,78.192.208.2
788,Kyrstin,Zuanazzi,kzuanazzilv@wordpress.com,Female,128.232.102.134
789,Loydie,Schultz,lschultzlw@auda.org.au,Male,201.226.85.51
790,Baxie,Fisbey,bfisbeylx@imgur.com,Male,228.202.121.5
791,Jeffrey,Lyal,jlyally@jigsy.com,Male,55.142.55.87
792,Camellia,Knevett,cknevettlz@businesswire.com,Female,63.35.187.132
793,Xenos,Lindup,xlindupm0@ox.ac.uk,Male,170.239.161.216
794,Arlin,Bleasdille,ableasdillem1@epa.gov,Male,76.171.106.62
795,Larissa,Arnowicz,larnowiczm2@huffingtonpost.com,Female,177.216.17.140
796,Maddie,Johnys,mjohnysm3@newyorker.com,Female,92.5.153.66
797,Dion,Seaborn,dseabornm4@psu.edu,Female,162.103.250.202
798,Vincenty,Biaggelli,vbiaggellim5@seattletimes.com,Male,237.89.125.128
799,Lorianne,Stollenbecker,lstollenbeckerm6@techcrunch.com,Female,159.2.183.69
800,Shane,Garrood,sgarroodm7@goo.gl,Female,75.110.145.142
801,Osmond,Alywen,oalywenm8@blogs.com,Male,125.32.249.226
802,Maryrose,Brunelleschi,mbrunelleschim9@typepad.com,Female,60.237.183.246
803,Avivah,Rozenbaum,arozenbaumma@unicef.org,Female,210.15.51.41
804,Delmore,Norton,dnortonmb@jimdo.com,Male,38.144.128.27
805,Bamby,Wark,bwarkmc@ehow.com,Female,130.94.199.243
806,Mitchel,Wallas,mwallasmd@taobao.com,Male,239.125.246.51
807,Lindie,MacClure,lmacclureme@deliciousdays.com,Female,29.10.225.26
808,Gilberto,Renol,grenolmf@sbwire.com,Male,128.75.11.255
809,Lanna,Mackness,lmacknessmg@w3.org,Female,57.28.107.158
810,Eliza,Millar,emillarmh@friendfeed.com,Female,157.190.218.4
811,Andrea,Wilcox,awilcoxmi@discuz.net,Female,102.28.153.68
812,Ebeneser,Danovich,edanovichmj@huffingtonpost.com,Male,62.198.145.235
813,Sharyl,Tzar,stzarmk@oaic.gov.au,Female,231.105.112.194
814,Aggy,Hoyer,ahoyerml@tinypic.com,Female,52.170.26.44
815,Thedric,Sire,tsiremm@w3.org,Male,4.226.89.204
816,Baily,Gordon-Giles,bgordongilesmn@paginegialle.it,Male,121.224.85.83
817,Bruis,Mein,bmeinmo@symantec.com,Male,59.47.145.97
818,Elfreda,Silbersak,esilbersakmp@irs.gov,Female,162.233.119.23
819,Germain,Carek,gcarekmq@angelfire.com,Male,128.175.197.146
820,Emlynn,Echalier,eechaliermr@51.la,Female,62.233.181.141
821,Livvyy,Ivermee,livermeems@cpanel.net,Female,165.162.140.238
822,Gardy,Vidloc,gvidlocmt@sohu.com,Male,61.248.22.243
823,Melany,Giacaponi,mgiacaponimu@cbslocal.com,Female,124.114.210.43
824,Jo,Cogan,jcoganmv@digg.com,Male,249.54.91.234
825,Mackenzie,Rohloff,mrohloffmw@ebay.com,Male,12.45.217.59
826,Beniamino,Belz,bbelzmx@hatena.ne.jp,Male,150.37.184.249
827,Raphael,Stearley,rstearleymy@opera.com,Male,220.235.220.100
828,Dinnie,Casaroli,dcasarolimz@globo.com,Female,199.132.181.41
829,Keenan,Chappelow,kchappelown0@theglobeandmail.com,Male,251.49.12.97
830,Nerita,Hansman,nhansmann1@multiply.com,Female,199.1.237.26
831,Kendricks,Gley,kgleyn2@skype.com,Male,118.105.213.130
832,Penni,Minker,pminkern3@nba.com,Female,103.159.155.130
833,Mechelle,Vivian,mviviann4@ask.com,Female,133.185.213.21
834,Maurise,Iannini,mianninin5@tinyurl.com,Female,149.197.116.162
835,Genevieve,Dibben,gdibbenn6@loc.gov,Female,61.43.26.212
836,Leonid,Stribling,lstriblingn7@opera.com,Male,31.60.85.85
837,Raul,Durward,rdurwardn8@goo.gl,Male,205.122.241.146
838,Griffy,Cuming,gcumingn9@dot.gov,Male,159.23.150.115
839,Barbara-anne,Gemlbett,bgemlbettna@samsung.com,Female,62.1.132.196
840,Brook,Cantopher,bcantophernb@google.co.uk,Male,121.67.251.34
841,Aguistin,Zylbermann,azylbermannnc@liveinternet.ru,Male,12.101.110.52
842,Celestine,Wagerfield,cwagerfieldnd@amazon.co.jp,Female,50.253.6.93
843,Neddie,Flay,nflayne@usnews.com,Male,14.145.64.34
844,Clarinda,Rawsen,crawsennf@plala.or.jp,Female,50.173.130.121
845,Brynna,Hedon,bhedonng@odnoklassniki.ru,Female,32.222.63.165
846,Howard,Walworth,hwalworthnh@sitemeter.com,Male,110.36.38.49
847,Cassandre,Norster,cnorsterni@sohu.com,Female,109.44.81.26
848,Batholomew,Masden,bmasdennj@wikispaces.com,Male,61.203.7.73
849,Florri,Lindenberg,flindenbergnk@chron.com,Female,180.90.211.42
850,Herman,Crampin,hcrampinnl@phpbb.com,Male,176.132.255.110
851,Carr,Lockner,clocknernm@japanpost.jp,Male,195.69.209.169
852,Wini,Westman,wwestmannn@desdev.cn,Female,179.135.28.243
853,Modesty,Runham,mrunhamno@hugedomains.com,Female,138.147.103.63
854,Miof mela,Coche,mcochenp@google.nl,Female,13.36.220.40
855,Glad,Enrique,genriquenq@abc.net.au,Female,25.129.36.58
856,Brook,Wilkerson,bwilkersonnr@elpais.com,Male,61.151.168.168
857,Ermin,Tollemache,etollemachens@netscape.com,Male,126.63.237.29
858,Clifford,Colyer,ccolyernt@mayoclinic.com,Male,214.93.233.127
859,Nanci,Frantzen,nfrantzennu@google.fr,Female,75.171.173.32
860,Roxi,Gillbey,rgillbeynv@ihg.com,Female,93.96.15.27
861,Laird,Hawney,lhawneynw@wsj.com,Male,75.57.72.225
862,Dedra,Pirolini,dpirolininx@chronoengine.com,Female,174.48.133.201
863,Cloe,Starkie,cstarkieny@patch.com,Female,191.83.247.21
864,Wayland,Ellicock,wellicocknz@sogou.com,Male,160.134.157.15
865,Nita,Bowness,nbownesso0@skyrock.com,Female,252.220.37.82
866,Glori,Skeene,gskeeneo1@stanford.edu,Female,142.36.105.74
867,Daffie,Westwood,dwestwoodo2@simplemachines.org,Female,135.141.123.206
868,Halette,Ferbrache,hferbracheo3@zdnet.com,Female,241.56.154.146
869,Timmy,Bramwich,tbramwicho4@engadget.com,Female,252.250.48.75
870,Flory,Albinson,falbinsono5@nih.gov,Male,81.233.182.30
871,Ronalda,McClaren,rmcclareno6@epa.gov,Female,24.70.5.84
872,Etan,Paradine,eparadineo7@bloglovin.com,Male,162.231.174.142
873,Levin,Heynel,lheynelo8@quantcast.com,Male,41.9.5.143
874,Tatum,Winterburn,twinterburno9@sbwire.com,Female,208.64.210.184
875,Alfredo,Baldack,abaldackoa@ihg.com,Male,191.184.167.222
876,Brant,Mays,bmaysob@google.co.jp,Male,70.239.56.248
877,Amandie,Rowsell,arowselloc@nasa.gov,Female,210.231.71.131
878,Bryan,Harnes,bharnesod@accuweather.com,Male,225.52.91.141
879,Madonna,Fosserd,mfosserdoe@aboutads.info,Female,179.171.130.15
880,Garry,Warre,gwarreof@goo.ne.jp,Male,81.19.53.40
881,Helen-elizabeth,Pietrusiak,hpietrusiakog@reverbnation.com,Female,174.109.24.127
882,Keri,Harkins,kharkinsoh@marketwatch.com,Female,143.83.233.108
883,Karel,Fusco,kfuscooi@is.gd,Male,21.200.250.165
884,Jolene,O'Flynn,joflynnoj@wiley.com,Female,148.57.82.57
885,Mallorie,Vineall,mvineallok@wordpress.com,Female,237.60.215.191
886,Nessie,Krystek,nkrystekol@ox.ac.uk,Female,65.82.29.26
887,Cari,Youens,cyouensom@cloudflare.com,Female,71.214.128.149
888,Wes,Quan,wquanon@buzzfeed.com,Male,15.98.203.94
889,Job,Asken,jaskenoo@yolasite.com,Male,140.164.192.124
890,Johnathan,Twycross,jtwycrossop@cbslocal.com,Male,130.12.50.13
891,Linoel,Mithun,lmithunoq@hatena.ne.jp,Male,242.224.109.88
892,Wells,Woodfield,wwoodfieldor@paypal.com,Male,166.57.147.21
893,Phillip,Khan,pkhanos@phoca.cz,Male,173.35.249.126
894,Lewiss,Spark,lsparkot@etsy.com,Male,43.170.222.73
895,Web,Hiskey,whiskeyou@dot.gov,Male,249.70.35.132
896,Mary,Antonoyev,mantonoyevov@nhs.uk,Female,133.5.212.127
897,Selena,Petroselli,spetroselliow@deviantart.com,Female,234.80.192.218
898,Hana,Rattenbury,hrattenburyox@indiatimes.com,Female,99.250.128.43
899,Denise,Alishoner,dalishoneroy@mapquest.com,Female,95.28.168.223
900,Aveline,Portigall,aportigalloz@infoseek.co.jp,Female,139.63.228.71
901,Gillan,Tutchell,gtutchellp0@hexun.com,Female,247.172.202.131
902,Gregory,Kinnie,gkinniep1@wikimedia.org,Male,135.204.9.112
903,Marys,Nanuccioi,mnanuccioip2@washingtonpost.com,Female,80.20.233.66
904,Raye,Kettlewell,rkettlewellp3@smh.com.au,Female,90.235.137.112
905,Albie,McHugh,amchughp4@youtu.be,Male,56.157.43.216
906,Austina,Foad,afoadp5@mapquest.com,Female,80.163.215.111
907,Sean,Avramovsky,savramovskyp6@netvibes.com,Female,156.30.240.199
908,Adrien,Alden,aaldenp7@studiopress.com,Male,146.67.72.125
909,Romonda,Alman,ralmanp8@over-blog.com,Female,236.42.17.64
910,Briggs,Dawe,bdawep9@dedecms.com,Male,251.4.183.49
911,Elana,Cantwell,ecantwellpa@marriott.com,Female,214.66.132.224
912,Dara,Tosdevin,dtosdevinpb@meetup.com,Female,129.114.105.157
913,Mirella,Cabane,mcabanepc@odnoklassniki.ru,Female,184.16.199.222
914,Erina,Dallosso,edallossopd@army.mil,Female,60.58.64.22
915,Lorry,Tregunnah,ltregunnahpe@netscape.com,Female,38.105.236.111
916,Zach,Argent,zargentpf@hc360.com,Male,238.155.48.251
917,Andres,Ghirardi,aghirardipg@microsoft.com,Male,5.219.193.181
918,Rebbecca,Garrie,rgarrieph@blogspot.com,Female,81.168.170.91
919,Lee,Childs,lchildspi@bbb.org,Male,79.173.91.130
920,Rachel,Sings,rsingspj@lycos.com,Female,208.51.62.156
921,Sammy,Whisker,swhiskerpk@a8.net,Female,234.236.165.182
922,Amalee,Barnby,abarnbypl@e-recht24.de,Female,58.116.222.255
923,Massimo,Coule,mcoulepm@illinois.edu,Male,10.123.8.248
924,Atalanta,Knutton,aknuttonpn@tinyurl.com,Female,176.69.98.208
925,Padgett,Elgram,pelgrampo@google.pl,Male,202.88.102.96
926,Beth,O'Daly,bodalypp@fema.gov,Female,181.23.6.69
927,Dev,Cummine,dcumminepq@4shared.com,Male,202.36.195.156
928,Inglebert,Searles,isearlespr@gmpg.org,Male,176.52.157.90
929,Tessa,McCroary,tmccroaryps@dedecms.com,Female,120.87.185.98
930,Juli,Espinel,jespinelpt@ameblo.jp,Female,85.74.230.235
931,Geoffrey,Dantesia,gdantesiapu@xinhuanet.com,Male,45.49.33.24
932,Shaun,Sambedge,ssambedgepv@wikimedia.org,Male,194.122.172.85
933,Hermine,Bacon,hbaconpw@bravesites.com,Female,14.46.216.162
934,Thorn,Romanet,tromanetpx@nytimes.com,Male,223.74.215.163
935,Katine,Scotts,kscottspy@behance.net,Female,90.91.103.1
936,Ted,Connor,tconnorpz@ucla.edu,Male,83.55.3.113
937,Malinde,Gartside,mgartsideq0@bizjournals.com,Female,186.13.43.41
938,Minna,Jacobsohn,mjacobsohnq1@merriam-webster.com,Female,239.57.170.202
939,Morganne,Beat,mbeatq2@reverbnation.com,Female,127.62.133.81
940,Thibaud,Pepi,tpepiq3@slashdot.org,Male,113.44.246.63
941,Munmro,Bellon,mbellonq4@nature.com,Male,176.41.83.142
942,Jessy,Wenderott,jwenderottq5@nih.gov,Female,195.147.57.137
943,Brooks,Melliard,bmelliardq6@jigsy.com,Male,69.27.138.177
944,Helli,Hexter,hhexterq7@w3.org,Female,39.194.242.140
945,Wallie,Anscott,wanscottq8@weather.com,Male,105.20.109.57
946,Pinchas,Byforth,pbyforthq9@tumblr.com,Male,252.108.198.165
947,Dalenna,Collisson,dcollissonqa@scientificamerican.com,Female,171.77.240.66
948,Elianore,Vanyushkin,evanyushkinqb@wordpress.org,Female,222.87.48.234
949,Gus,Gook,ggookqc@flickr.com,Male,133.241.113.182
950,Desi,Spear,dspearqd@surveymonkey.com,Male,37.157.193.104
951,Farrah,Craigs,fcraigsqe@hexun.com,Female,120.85.32.27
952,Hedwiga,Jackett,hjackettqf@hc360.com,Female,248.4.140.24
953,Ruthann,Antonsson,rantonssonqg@wikimedia.org,Female,132.128.190.64
954,Melisa,Stirgess,mstirgessqh@hostgator.com,Female,131.27.177.238
955,Wendye,Baxandall,wbaxandallqi@europa.eu,Female,250.206.38.179
956,Delcina,Tillett,dtillettqj@spotify.com,Female,252.246.205.82
957,Melinda,Satcher,msatcherqk@seesaa.net,Female,137.121.94.133
958,Marlane,Ilyinykh,milyinykhql@mit.edu,Female,185.248.34.96
959,Krissy,Pask,kpaskqm@multiply.com,Female,133.12.196.187
960,Adelbert,Castell,acastellqn@washington.edu,Male,51.33.197.2
961,Christiane,Hitzschke,chitzschkeqo@ucoz.com,Female,38.48.73.44
962,Sarine,Ellif,sellifqp@facebook.com,Female,60.124.86.179
963,Ignacio,Leahey,ileaheyqq@state.gov,Male,147.148.103.150
964,Mignon,Feldmark,mfeldmarkqr@360.cn,Female,6.22.35.106
965,Perry,Logsdale,plogsdaleqs@uiuc.edu,Female,60.18.38.37
966,Ira,Badham,ibadhamqt@huffingtonpost.com,Male,235.240.95.11
967,Jilleen,Caherny,jcahernyqu@toplist.cz,Female,122.167.41.64
968,Gare,Machans,gmachansqv@cnbc.com,Male,131.46.220.231
969,Daisie,Broy,dbroyqw@globo.com,Female,101.44.202.180
970,Victoir,Sultan,vsultanqx@indiegogo.com,Male,116.112.191.130
971,Porter,Gravenell,pgravenellqy@cdc.gov,Male,67.109.58.17
972,Ammamaria,Normansell,anormansellqz@clickbank.net,Female,184.244.204.95
973,Hirsch,Dawtre,hdawtrer0@nhs.uk,Male,221.253.43.66
974,Lew,Sutton,lsuttonr1@51.la,Male,143.191.58.138
975,Abbott,Brotherheed,abrotherheedr2@seesaa.net,Male,118.117.243.62
976,Dottie,Biaggi,dbiaggir3@cafepress.com,Female,241.166.77.132
977,Averill,Floweth,aflowethr4@wikia.com,Male,13.225.163.124
978,Nahum,Ludwell,nludwellr5@google.co.jp,Male,203.64.90.70
979,Debor,Solomonides,dsolomonidesr6@nymag.com,Female,237.115.183.35
980,Harcourt,Jonson,hjonsonr7@cisco.com,Male,157.217.204.255
981,Ag,Burg,aburgr8@wunderground.com,Female,151.122.148.16
982,Dorella,Conaghan,dconaghanr9@storify.com,Female,103.191.163.231
983,Phylys,Wadie,pwadiera@constantcontact.com,Female,160.23.8.134
984,Kendra,Tumbelty,ktumbeltyrb@naver.com,Female,112.35.202.234
985,Mallissa,Leppington,mleppingtonrc@cbc.ca,Female,170.11.157.85
986,Thorvald,Iacovacci,tiacovaccird@cargocollective.com,Male,7.116.205.90
987,Leonelle,Murrigan,lmurriganre@forbes.com,Female,69.128.17.210
988,Regina,Kidde,rkidderf@cbc.ca,Female,9.200.120.30
989,Fanni,Lyffe,flyfferg@i2i.jp,Female,235.236.111.79
990,Zacharie,Godden,zgoddenrh@smh.com.au,Male,148.32.83.102
991,Janette,Youens,jyouensri@senate.gov,Female,231.235.121.21
992,Abbie,Cana,acanarj@e-recht24.de,Male,110.107.4.66
993,Sarine,Tomicki,stomickirk@printfriendly.com,Female,57.140.246.101
994,Ros,Shoreson,rshoresonrl@europa.eu,Female,226.152.40.19
995,Aida,Pigne,apignerm@independent.co.uk,Female,243.61.178.11
996,Nil,Filisov,nfilisovrn@un.org,Male,167.60.251.180
997,Witty,Troy,wtroyro@linkedin.com,Male,161.47.172.145
998,Skip,Brasener,sbrasenerrp@alexa.com,Male,173.163.189.47
999,Sonya,Van der Kruijs,svanderkruijsrq@mit.edu,Female,54.170.166.248
1000,Samuele,Woodson,swoodsonrr@hud.gov,Male,232.252.209.186
